RepDiplomatique,Pays,Localite,LieuDeVote,NumeroBureau,Electeurs
AFRIQUE DU SUD,AFRIQUE DU SUD,CAP TOWN,CAP TOWN,01,364
AFRIQUE DU SUD,AFRIQUE DU SUD,CAP TOWN,DURBAN,01,354
AFRIQUE DU SUD,AFRIQUE DU SUD,CAP TOWN,JOHANESBOURG,01,446
AFRIQUE DU SUD,AFRIQUE DU SUD,CAP TOWN,JOHANESBOURG,02,445
AFRIQUE DU SUD,AFRIQUE DU SUD,CAP TOWN,JOHANESBOURG,03,445
AFRIQUE DU SUD,AFRIQUE DU SUD,CAP TOWN,PORT ELISABETH,01,309
AFRIQUE DU SUD,AFRIQUE DU SUD,CAP TOWN,PRETORIA,01,133
AFRIQUE DU SUD,MOZAMBIQUE,BEIRA,BEIRA,01,76
AFRIQUE DU SUD,MOZAMBIQUE,BEIRA,MAPUTO,01,107
AFRIQUE DU SUD,MOZAMBIQUE,BEIRA,NAPULA,01,142
AFRIQUE DU SUD,MOZAMBIQUE,BEIRA,PEMBA,01,169
ALLEMAGNE,ALLEMAGNE,BERLIN,BERLIN,01,329
ALLEMAGNE,ALLEMAGNE,BERLIN,DUSSELDORF,01,222
ALLEMAGNE,ALLEMAGNE,BERLIN,FRANCFORT,01,120
ALLEMAGNE,ALLEMAGNE,BERLIN,HAMBOURG,01,187
ALLEMAGNE,ALLEMAGNE,BERLIN,MUNICH,01,547
ALLEMAGNE,ALLEMAGNE,BERLIN,STUTTGART,01,84
ARABIE SAOUDITE,ARABIE SAOUDITE,DJEDDAH,DJEDDAH,01,415
ARABIE SAOUDITE,ARABIE SAOUDITE,DJEDDAH,DJEDDAH,02,416
ARABIE SAOUDITE,ARABIE SAOUDITE,DJEDDAH,DJEDDAH,03,413
ARABIE SAOUDITE,ARABIE SAOUDITE,DJEDDAH,RIYAD,01,477
ARABIE SAOUDITE,ARABIE SAOUDITE,DJEDDAH,RIYAD,02,478
BELGIQUE,BELGIQUE,ANVERS,ANVERS,01,597
BELGIQUE,BELGIQUE,ANVERS,ANVERS,02,6
BELGIQUE,BELGIQUE,ANVERS,BRUXELLES,01,590
BELGIQUE,BELGIQUE,ANVERS,BRUXELLES,02,588
BELGIQUE,BELGIQUE,ANVERS,BRUXELLES,03,581
BELGIQUE,BELGIQUE,ANVERS,BRUXELLES,04,407
BELGIQUE,LUXEMBOURG,LUXEMBOURG,LUXEMBOURG VILLE,01,384
BRESIL,ARGENTINE,BUENOS AIRES,BUENOS AIRES,01,494
BRESIL,ARGENTINE,BUENOS AIRES,BUENOS AIRES,02,498
BRESIL,ARGENTINE,BUENOS AIRES,BUENOS AIRES,03,491
BRESIL,ARGENTINE,BUENOS AIRES,MENDOZA,01,107
BRESIL,BRESIL,BRASILIA,BRASILIA,01,67
BRESIL,BRESIL,BRASILIA,CURITIBA,01,50
BRESIL,BRESIL,BRASILIA,RECIFE,01,113
BRESIL,BRESIL,BRASILIA,RIO DE JANEIRO,01,178
BRESIL,BRESIL,BRASILIA,CASIA,01,444
BRESIL,BRESIL,BRASILIA,PORTO ALEGRE,01,318
BRESIL,BRESIL,BRASILIA,PORTO ALEGRE,02,317
BRESIL,BRESIL,BRASILIA,SAO PAULO,01,363
BRESIL,BRESIL,BRASILIA,SAO PAULO,02,362
BURKINA FASO,BURKINA FASO,BOBODIOULASSO,BOBODIOULASSO,01,208
BURKINA FASO,BURKINA FASO,BOBODIOULASSO,KOUDOUGOU,01,60
BURKINA FASO,BURKINA FASO,BOBODIOULASSO,OUAGADOUGOU,01,515
BURKINA FASO,BURKINA FASO,BOBODIOULASSO,OUAGADOUGOU,02,511
BURKINA FASO,BURKINA FASO,BOBODIOULASSO,OUAGADOUGOU,03,282
CAMEROUN,CAMEROUN,DOUALA,DOUALA,01,421
CAMEROUN,CAMEROUN,DOUALA,DOUALA,02,422
CAMEROUN,CAMEROUN,DOUALA,YAOUNDE,01,463
CAMEROUN,CAMEROUN,DOUALA,YAOUNDE,02,463
CAMEROUN,CAMEROUN,DOUALA,YAOUNDE,03,464
CAMEROUN,CAMEROUN,DOUALA,YAOUNDE,04,464
CAMEROUN,TCHAD,NDJAMENA,NDJAMENA,01,268
CANADA,CANADA,EDMONTON,EDMONTON,01,230
CANADA,CANADA,EDMONTON,MONTREAL,01,568
CANADA,CANADA,EDMONTON,MONTREAL,02,559
CANADA,CANADA,EDMONTON,MONTREAL,03,568
CANADA,CANADA,EDMONTON,MONTREAL,04,559
CANADA,CANADA,EDMONTON,MONTREAL,05,433
CANADA,CANADA,EDMONTON,MONTREAL,06,432
CANADA,CANADA,EDMONTON,OTTAWA,01,440
CANADA,CANADA,EDMONTON,OTTAWA,02,192
CANADA,CANADA,EDMONTON,QUEBEC,01,510
CANADA,CANADA,EDMONTON,QUEBEC,02,306
CANADA,CANADA,EDMONTON,TORONTO,01,147
CANADA,CANADA,EDMONTON,WINNIPEG,01,180
CAP VERT,CAP VERT,BAO VISTA,BAO VISTA,01,350
CAP VERT,CAP VERT,BAO VISTA,PRAIA,01,556
CAP VERT,CAP VERT,BAO VISTA,PRAIA,02,557
CAP VERT,CAP VERT,BAO VISTA,SAL,01,520
CAP VERT,CAP VERT,BAO VISTA,SAO VICENTE,01,148
CONGO,REPUBLIQUE DU CONGO,BRAZZAVILLE,BRAZZAVILLE,01,509
CONGO,REPUBLIQUE DU CONGO,BRAZZAVILLE,BRAZZAVILLE,02,509
CONGO,REPUBLIQUE DU CONGO,BRAZZAVILLE,BRAZZAVILLE,03,509
CONGO,REPUBLIQUE DU CONGO,BRAZZAVILLE,BRAZZAVILLE,04,509
CONGO,REPUBLIQUE DU CONGO,BRAZZAVILLE,BRAZZAVILLE,05,509
CONGO,REPUBLIQUE DU CONGO,BRAZZAVILLE,BRAZZAVILLE,06,509
CONGO,REPUBLIQUE DU CONGO,POINTE NOIRE,POINTE NOIRE,01,450
CONGO,REPUBLIQUE DU CONGO,POINTE NOIRE,POINTE NOIRE,02,450
CONGO,REPUBLIQUE DU CONGO,POINTE NOIRE,POINTE NOIRE,03,449
CONGO,REPUBLIQUE DU CONGO,POINTE NOIRE,POINTE NOIRE,04,449
CONGO,REPUBLIQUE DU CONGO,POINTE NOIRE,POINTE NOIRE,05,449
CONGO,REPUBLIQUE DU CONGO,POINTE NOIRE,POINTE NOIRE,06,452
CONGO,REPUBLIQUE DU CONGO,POINTE NOIRE,POINTE NOIRE,07,450
CONGO,REPUBLIQUE DU CONGO,POINTE NOIRE,POINTE NOIRE,08,450
CONGO,REPUBLIQUE DU CONGO,POINTE NOIRE,POINTE NOIRE,09,450
CONGO,REPUBLIQUE DU CONGO,POINTE NOIRE,POINTE NOIRE,10,450
CONGO,REPUBLIQUE DU CONGO,POINTE NOIRE,POINTE NOIRE,11,450
CONGO,REPUBLIQUE DU CONGO,POINTE NOIRE,POINTE NOIRE,12,450
CONGO,REPUBLIQUE DU CONGO,POINTE NOIRE,POINTE NOIRE,13,450
CONGO,REPUBLIQUE DU CONGO,POINTE NOIRE,POINTE NOIRE,14,450
COTE D'IVOIRE,COTE D'IVOIRE,ABENGOUROU,ABENGOUROU,01,212
COTE D'IVOIRE,COTE D'IVOIRE,ABENGOUROU,ADZOPE,01,46
COTE D'IVOIRE,COTE D'IVOIRE,ABENGOUROU,ABOBO GARE,01,491
COTE D'IVOIRE,COTE D'IVOIRE,ABENGOUROU,ABOBO GARE,02,472
COTE D'IVOIRE,COTE D'IVOIRE,ABENGOUROU,ABOBO GARE,03,229
COTE D'IVOIRE,COTE D'IVOIRE,ABENGOUROU,ABOISSO,01,99
COTE D'IVOIRE,COTE D'IVOIRE,ABENGOUROU,ADJAME 1,01,513
COTE D'IVOIRE,COTE D'IVOIRE,ABENGOUROU,ADJAME 1,02,500
COTE D'IVOIRE,COTE D'IVOIRE,ABENGOUROU,ADJAME 1,03,493
COTE D'IVOIRE,COTE D'IVOIRE,ABENGOUROU,ADJAME 1,04,522
COTE D'IVOIRE,COTE D'IVOIRE,ABENGOUROU,ADJAME 1,05,431
COTE D'IVOIRE,COTE D'IVOIRE,ABENGOUROU,ADJAME 2,01,345
COTE D'IVOIRE,COTE D'IVOIRE,ABENGOUROU,ADJAME 3,01,284
COTE D'IVOIRE,COTE D'IVOIRE,ABENGOUROU,ADJAME 3,02,287
COTE D'IVOIRE,COTE D'IVOIRE,ABENGOUROU,ANYAMA,01,83
COTE D'IVOIRE,COTE D'IVOIRE,ABENGOUROU,BINGERVILLE,01,155
COTE D'IVOIRE,COTE D'IVOIRE,ABENGOUROU,COCODY,01,124
COTE D'IVOIRE,COTE D'IVOIRE,ABENGOUROU,DABOU,01,135
COTE D'IVOIRE,COTE D'IVOIRE,ABENGOUROU,GONZAGUEVILLE,01,2
COTE D'IVOIRE,COTE D'IVOIRE,ABENGOUROU,GRAND BASSAM,01,127
COTE D'IVOIRE,COTE D'IVOIRE,ABENGOUROU,JACQUEVILLE,01,29
COTE D'IVOIRE,COTE D'IVOIRE,ABENGOUROU,KOUMASSI,01,513
COTE D'IVOIRE,COTE D'IVOIRE,ABENGOUROU,KOUMASSI,02,512
COTE D'IVOIRE,COTE D'IVOIRE,ABIDJAN,KOUMASSI,03,512
COTE D'IVOIRE,COTE D'IVOIRE,ABIDJAN,LOKODJORO,01,157
COTE D'IVOIRE,COTE D'IVOIRE,ABIDJAN,MARCORY,01,427
COTE D'IVOIRE,COTE D'IVOIRE,ABIDJAN,MARCORY,02,427
COTE D'IVOIRE,COTE D'IVOIRE,ABIDJAN,MARCORY,03,427
COTE D'IVOIRE,COTE D'IVOIRE,ABIDJAN,NDOUCI,01,15
COTE D'IVOIRE,COTE D'IVOIRE,ABIDJAN,PLATEAU,01,418
COTE D'IVOIRE,COTE D'IVOIRE,ABIDJAN,PLATEAU,02,418
COTE D'IVOIRE,COTE D'IVOIRE,ABIDJAN,PORT BOUET,01,456
COTE D'IVOIRE,COTE D'IVOIRE,ABIDJAN,PORT BOUET,02,455
COTE D'IVOIRE,COTE D'IVOIRE,ABIDJAN,TREICHVILLE,01,535
COTE D'IVOIRE,COTE D'IVOIRE,ABIDJAN,TREICHVILLE,02,532
COTE D'IVOIRE,COTE D'IVOIRE,ABIDJAN,TREICHVILLE,03,535
COTE D'IVOIRE,COTE D'IVOIRE,ABIDJAN,TREICHVILLE,04,543
COTE D'IVOIRE,COTE D'IVOIRE,ABIDJAN,TREICHVILLE,05,513
COTE D'IVOIRE,COTE D'IVOIRE,ABIDJAN,TREICHVILLE,06,424
COTE D'IVOIRE,COTE D'IVOIRE,ABIDJAN,YOPOUGON,01,391
COTE D'IVOIRE,COTE D'IVOIRE,ABIDJAN,YOPOUGON,02,391
COTE D'IVOIRE,COTE D'IVOIRE,ABIDJAN,AGBOVILLE,01,136
COTE D'IVOIRE,COTE D'IVOIRE,ABIDJAN,BONDOUKOU,01,64
COTE D'IVOIRE,COTE D'IVOIRE,ABIDJAN,TANDA,01,17
COTE D'IVOIRE,COTE D'IVOIRE,ABIDJAN,BEOUMI,01,91
COTE D'IVOIRE,COTE D'IVOIRE,ABIDJAN,BOUAKE,01,466
COTE D'IVOIRE,COTE D'IVOIRE,ABIDJAN,BOUAKE,02,467
COTE D'IVOIRE,COTE D'IVOIRE,ABIDJAN,KATIOLA,01,54
COTE D'IVOIRE,COTE D'IVOIRE,ABIDJAN,BOUAFLE,01,181
COTE D'IVOIRE,COTE D'IVOIRE,ABIDJAN,DALOA,01,314
COTE D'IVOIRE,COTE D'IVOIRE,ABIDJAN,ISSIA,01,85
COTE D'IVOIRE,COTE D'IVOIRE,DALOA,SINFRA,01,69
COTE D'IVOIRE,COTE D'IVOIRE,DALOA,VAVOUA,01,68
COTE D'IVOIRE,COTE D'IVOIRE,DALOA,DUEKOUE,01,157
COTE D'IVOIRE,COTE D'IVOIRE,DALOA,DIVO,01,554
COTE D'IVOIRE,COTE D'IVOIRE,DALOA,GAGNOA,01,550
COTE D'IVOIRE,COTE D'IVOIRE,DALOA,LAKOTA,01,99
COTE D'IVOIRE,COTE D'IVOIRE,DALOA,SOUBRE,01,106
COTE D'IVOIRE,COTE D'IVOIRE,DALOA,KORHOGO,01,277
COTE D'IVOIRE,COTE D'IVOIRE,DALOA,SAN PEDRO,01,322
COTE D'IVOIRE,COTE D'IVOIRE,DALOA,SASSANDRA,01,43
COTE D'IVOIRE,COTE D'IVOIRE,DALOA,DANANE,01,71
COTE D'IVOIRE,COTE D'IVOIRE,DALOA,MAN,01,236
COTE D'IVOIRE,COTE D'IVOIRE,DALOA,SEGUELA,01,111
COTE D'IVOIRE,COTE D'IVOIRE,DALOA,TOUBA,01,143
COTE D'IVOIRE,COTE D'IVOIRE,DALOA,DIMBOKRO,01,67
COTE D'IVOIRE,COTE D'IVOIRE,DALOA,TOUMODI,01,160
COTE D'IVOIRE,COTE D'IVOIRE,DALOA,YAMOUSSOUKRO,01,545
COTE D'IVOIRE,COTE D'IVOIRE,DALOA,YAMOUSSOUKRO,02,544
EGYPTE,EGYPTE,CAIRE,CAIRE CHANCELLERIE,01,447
EGYPTE,LIBAN,BEYROUTH,BEYROUTH,01,473
EGYPTE,LIBAN,BEYROUTH,BEYROUTH,02,101
EMIRATS ARABES UNIS,EMIRATS ARABES UNIS,DUBAI,DUBAI,01,490
EMIRATS ARABES UNIS,EMIRATS ARABES UNIS,DUBAI,DUBAI,02,283
ESPAGNE,ESPAGNE,ALBACETE,ALBACETE,01,445
ESPAGNE,ESPAGNE,ALBACETE,ALGESIRAS,01,63
ESPAGNE,ESPAGNE,ALBACETE,ALICANTE,01,538
ESPAGNE,ESPAGNE,ALBACETE,ALMERIA,01,513
ESPAGNE,ESPAGNE,ALBACETE,ALMERIA,02,496
ESPAGNE,ESPAGNE,ALBACETE,CUEVAS,01,396
ESPAGNE,ESPAGNE,ALBACETE,BARCELONA,01,566
ESPAGNE,ESPAGNE,ALBACETE,BARCELONA,02,565
ESPAGNE,ESPAGNE,ALBACETE,BARCELONA,03,565
ESPAGNE,ESPAGNE,ALBACETE,BILBAO,01,579
ESPAGNE,ESPAGNE,ALBACETE,BILBAO,02,579
ESPAGNE,ESPAGNE,ALBACETE,BILBAO,03,576
ESPAGNE,ESPAGNE,ALBACETE,BILBAO,04,255
ESPAGNE,ESPAGNE,ALBACETE,BURGOS,01,157
ESPAGNE,ESPAGNE,ALBACETE,PUERTO REAL (ANDALOUSIE),01,163
ESPAGNE,ESPAGNE,ALBACETE,CALPE (BENIDORM),01,182
ESPAGNE,ESPAGNE,ALBACETE,ELCHE,01,274
ESPAGNE,ESPAGNE,ALBACETE,FIGUERES,01,591
ESPAGNE,ESPAGNE,ALBACETE,FIGUERES,02,70
ESPAGNE,ESPAGNE,ALBACETE,FUERTEVENTURA,01,366
ESPAGNE,ESPAGNE,ALBACETE,GANDIA,01,290
ESPAGNE,ESPAGNE,ALBACETE,GIRONA,01,523
ESPAGNE,ESPAGNE,ALBACETE,GIRONA,02,523
ESPAGNE,ESPAGNE,GRANADA,GRANADA,01,456
ESPAGNE,ESPAGNE,GRANADA,GRANADA,02,456
ESPAGNE,ESPAGNE,GRANADA,GRANOLLERS,01,509
ESPAGNE,ESPAGNE,GRANADA,GRANOLLERS,02,507
ESPAGNE,ESPAGNE,GRANADA,GRANOLLERS,03,484
ESPAGNE,ESPAGNE,GRANADA,GUISSONA,01,525
ESPAGNE,ESPAGNE,GRANADA,HUELVA,01,509
ESPAGNE,ESPAGNE,GRANADA,IBIZA,01,276
ESPAGNE,ESPAGNE,GRANADA,LA CORUNA,01,574
ESPAGNE,ESPAGNE,GRANADA,LA CORUNA,02,149
ESPAGNE,ESPAGNE,GRANADA,LANZAROTE,01,195
ESPAGNE,ESPAGNE,GRANADA,LAS PALMAS GRAND CANARIAS,01,454
ESPAGNE,ESPAGNE,GRANADA,LERIDA,01,560
ESPAGNE,ESPAGNE,GRANADA,LERIDA,02,572
ESPAGNE,ESPAGNE,GRANADA,LERIDA,03,566
ESPAGNE,ESPAGNE,GRANADA,LERIDA,04,367
ESPAGNE,ESPAGNE,GRANADA,MOLLERUSA,01,376
ESPAGNE,ESPAGNE,GRANADA,LOGRONO,01,131
ESPAGNE,ESPAGNE,GRANADA,MADRID,01,548
ESPAGNE,ESPAGNE,GRANADA,MADRID,02,550
ESPAGNE,ESPAGNE,GRANADA,MADRID,03,535
ESPAGNE,ESPAGNE,GRANADA,MADRID,04,541
ESPAGNE,ESPAGNE,GRANADA,MADRID,05,425
ESPAGNE,ESPAGNE,GRANADA,MADRID,06,426
ESPAGNE,ESPAGNE,GRANADA,FUENGIROLA (ANDALOUSIE),01,351
ESPAGNE,ESPAGNE,GRANADA,FUENGIROLA (ANDALOUSIE),02,350
ESPAGNE,ESPAGNE,GRANADA,MANRESA,01,337
ESPAGNE,ESPAGNE,GRANADA,MARBELLA,01,283
ESPAGNE,ESPAGNE,MATARO,MATARO,01,591
ESPAGNE,ESPAGNE,MATARO,MATARO,02,588
ESPAGNE,ESPAGNE,MATARO,MATARO,03,132
ESPAGNE,ESPAGNE,MURCIA,MURCIA,01,573
ESPAGNE,ESPAGNE,MURCIA,MURCIA,02,569
ESPAGNE,ESPAGNE,MURCIA,MURCIA,03,503
ESPAGNE,ESPAGNE,OVIEDO,OVIEDO,01,478
ESPAGNE,ESPAGNE,OVIEDO,OVIEDO,02,175
ESPAGNE,ESPAGNE,PALMA DE MALLORCA,PALMA DE MALLORCA,01,548
ESPAGNE,ESPAGNE,PALMA DE MALLORCA,PALMA DE MALLORCA,02,552
ESPAGNE,ESPAGNE,PALMA DE MALLORCA,PALMA DE MALLORCA,03,559
ESPAGNE,ESPAGNE,PALMA DE MALLORCA,PALMA DE MALLORCA,04,185
ESPAGNE,ESPAGNE,PAMPLONA,PAMPLONA,01,414
ESPAGNE,ESPAGNE,ROQUETAS DE MAR,ROQUETAS DE MAR,01,558
ESPAGNE,ESPAGNE,ROQUETAS DE MAR,ROQUETAS DE MAR,02,557
ESPAGNE,ESPAGNE,ROQUETAS DE MAR,ROQUETAS DE MAR,03,559
ESPAGNE,ESPAGNE,ROQUETAS DE MAR,ROQUETAS DE MAR,04,557
ESPAGNE,ESPAGNE,ROQUETAS DE MAR,ROQUETAS DE MAR,05,559
ESPAGNE,ESPAGNE,ROQUETAS DE MAR,ROQUETAS DE MAR,06,557
ESPAGNE,ESPAGNE,ROQUETAS DE MAR,ROQUETAS DE MAR,07,324
ESPAGNE,ESPAGNE,SALAMANCA,SALAMANCA,01,146
ESPAGNE,ESPAGNE,SANTANDER,SANTANDER,01,249
ESPAGNE,ESPAGNE,SEVILLA,SEVILLA,01,448
ESPAGNE,ESPAGNE,SALOU (CATALOGNE),SALOU,01,422
ESPAGNE,ESPAGNE,SALOU (CATALOGNE),SALOU,02,423
ESPAGNE,ESPAGNE,SALOU (CATALOGNE),SALOU,03,422
ESPAGNE,ESPAGNE,TENERIFE,TENERIFE,01,540
ESPAGNE,ESPAGNE,TENERIFE,TENERIFE,02,57
ESPAGNE,ESPAGNE,TENERIFE NORTE,TENERIFE NORTE,01,119
ESPAGNE,ESPAGNE,TENERIFE NORTE,TERRASSA,01,518
ESPAGNE,ESPAGNE,TENERIFE NORTE,TERRASSA,02,520
ESPAGNE,ESPAGNE,TENERIFE NORTE,TERRASSA,03,179
ESPAGNE,ESPAGNE,TENERIFE NORTE,VALENCIA,01,552
ESPAGNE,ESPAGNE,TENERIFE NORTE,VALENCIA,02,550
ESPAGNE,ESPAGNE,TENERIFE NORTE,VALENCIA,03,414
ESPAGNE,ESPAGNE,TENERIFE NORTE,VIC,01,271
ESPAGNE,ESPAGNE,TENERIFE NORTE,VICTORIA,01,390
ESPAGNE,ESPAGNE,TENERIFE NORTE,VIGO,01,481
ESPAGNE,ESPAGNE,TENERIFE NORTE,VIGO,02,132
ESPAGNE,ESPAGNE,TENERIFE NORTE,ZARAGOZA,01,542
ESPAGNE,ESPAGNE,TENERIFE NORTE,ZARAGOZA,02,545
ESPAGNE,ESPAGNE,TENERIFE NORTE,ZARAGOZA,03,543
ESPAGNE,ESPAGNE,TENERIFE NORTE,ZARAGOZA,04,328
ETATS UNIS D'AMERIQUE,ETATS UNIS D'AMERIQUE,ATLANTA,ATLANTA,01,524
ETATS UNIS D'AMERIQUE,ETATS UNIS D'AMERIQUE,ATLANTA,ATLANTA,02,184
ETATS UNIS D'AMERIQUE,ETATS UNIS D'AMERIQUE,ATLANTA,BOSTON,01,118
ETATS UNIS D'AMERIQUE,ETATS UNIS D'AMERIQUE,ATLANTA,SAN FRANCISCO,01,351
ETATS UNIS D'AMERIQUE,ETATS UNIS D'AMERIQUE,ATLANTA,DENVER,01,110
ETATS UNIS D'AMERIQUE,ETATS UNIS D'AMERIQUE,ATLANTA,DETROIT,01,382
ETATS UNIS D'AMERIQUE,ETATS UNIS D'AMERIQUE,ATLANTA,CHICAGO,01,369
ETATS UNIS D'AMERIQUE,ETATS UNIS D'AMERIQUE,ATLANTA,LOUISVILLE,01,188
ETATS UNIS D'AMERIQUE,ETATS UNIS D'AMERIQUE,ATLANTA,LOS ANGELES,01,291
ETATS UNIS D'AMERIQUE,ETATS UNIS D'AMERIQUE,ATLANTA,BALTIMORE,01,260
ETATS UNIS D'AMERIQUE,ETATS UNIS D'AMERIQUE,ATLANTA,MEMPHIS,01,465
ETATS UNIS D'AMERIQUE,ETATS UNIS D'AMERIQUE,ATLANTA,MINNEAPOLIS,01,74
ETATS UNIS D'AMERIQUE,ETATS UNIS D'AMERIQUE,ATLANTA,JERSEY CITY,01,212
ETATS UNIS D'AMERIQUE,ETATS UNIS D'AMERIQUE,ATLANTA,BRONX,01,581
ETATS UNIS D'AMERIQUE,ETATS UNIS D'AMERIQUE,ATLANTA,BRONX,02,581
ETATS UNIS D'AMERIQUE,ETATS UNIS D'AMERIQUE,ATLANTA,BROOKLYN,01,530
ETATS UNIS D'AMERIQUE,ETATS UNIS D'AMERIQUE,ATLANTA,BROOKLYN,02,126
ETATS UNIS D'AMERIQUE,ETATS UNIS D'AMERIQUE,ATLANTA,NEW YORK,01,579
ETATS UNIS D'AMERIQUE,ETATS UNIS D'AMERIQUE,ATLANTA,NEW YORK,02,579
ETATS UNIS D'AMERIQUE,ETATS UNIS D'AMERIQUE,ATLANTA,NEW YORK,03,577
ETATS UNIS D'AMERIQUE,ETATS UNIS D'AMERIQUE,ATLANTA,NEW YORK,04,577
ETATS UNIS D'AMERIQUE,ETATS UNIS D'AMERIQUE,ATLANTA,NEW YORK,05,578
ETATS UNIS D'AMERIQUE,ETATS UNIS D'AMERIQUE,ATLANTA,NEW YORK,06,578
ETATS UNIS D'AMERIQUE,ETATS UNIS D'AMERIQUE,NEW YORK,NEW YORK,07,578
ETATS UNIS D'AMERIQUE,ETATS UNIS D'AMERIQUE,NEW YORK,NEW YORK,08,577
ETATS UNIS D'AMERIQUE,ETATS UNIS D'AMERIQUE,NEW YORK,RALEIGH,01,400
ETATS UNIS D'AMERIQUE,ETATS UNIS D'AMERIQUE,NEW YORK,CINCINNATI,01,431
ETATS UNIS D'AMERIQUE,ETATS UNIS D'AMERIQUE,NEW YORK,CINCINNATI,02,431
ETATS UNIS D'AMERIQUE,ETATS UNIS D'AMERIQUE,NEW YORK,COLUMBUS,01,506
ETATS UNIS D'AMERIQUE,ETATS UNIS D'AMERIQUE,NEW YORK,COLUMBUS,02,254
ETATS UNIS D'AMERIQUE,ETATS UNIS D'AMERIQUE,NEW YORK,DAYTON,01,70
ETATS UNIS D'AMERIQUE,ETATS UNIS D'AMERIQUE,NEW YORK,PHILADELPHIE,01,241
ETATS UNIS D'AMERIQUE,ETATS UNIS D'AMERIQUE,NEW YORK,PROVIDENCE,01,283
ETATS UNIS D'AMERIQUE,ETATS UNIS D'AMERIQUE,NEW YORK,HOUSTON,01,576
ETATS UNIS D'AMERIQUE,ETATS UNIS D'AMERIQUE,NEW YORK,WASHINGTON (D C),01,484
ETATS UNIS D'AMERIQUE,ETATS UNIS D'AMERIQUE,NEW YORK,WASHINGTON (D C),02,483
FRANCE,FRANCE,BORDEAUX,BORDEAUX,01,539
FRANCE,FRANCE,BORDEAUX,BORDEAUX,02,539
FRANCE,FRANCE,BORDEAUX,BORDEAUX,03,539
FRANCE,FRANCE,BORDEAUX,BORDEAUX,04,539
FRANCE,FRANCE,BORDEAUX,BORDEAUX,05,539
FRANCE,FRANCE,LIMOGES,LIMOGES,01,315
FRANCE,FRANCE,PAU,PAU,01,247
FRANCE,FRANCE,POITIERS,POITIERS,01,301
FRANCE,FRANCE,CANNES,CANNES,01,508
FRANCE,FRANCE,LE HAVRE,LE HAVRE,01,557
FRANCE,FRANCE,LE HAVRE,LE HAVRE,02,557
FRANCE,FRANCE,LE HAVRE,LE HAVRE,03,557
FRANCE,FRANCE,LE HAVRE,LE HAVRE,04,557
FRANCE,FRANCE,LE HAVRE,LE HAVRE,05,556
FRANCE,FRANCE,LE HAVRE,LE HAVRE,06,556
FRANCE,FRANCE,LE HAVRE,LE HAVRE,07,556
FRANCE,FRANCE,LE HAVRE,LE HAVRE,08,556
FRANCE,FRANCE,LE HAVRE,LE HAVRE,09,557
FRANCE,FRANCE,LILLE,LILLE,01,571
FRANCE,FRANCE,LILLE,LILLE,02,570
FRANCE,FRANCE,LILLE,LILLE,03,570
FRANCE,FRANCE,LYON,LYON,01,550
FRANCE,FRANCE,LYON,LYON,02,549
FRANCE,FRANCE,LYON,LYON,03,550
FRANCE,FRANCE,LYON,LYON,04,551
FRANCE,FRANCE,LYON,LYON,05,551
FRANCE,FRANCE,LYON,LYON,06,550
FRANCE,FRANCE,LYON,LYON,07,549
FRANCE,FRANCE,LYON,LYON,08,553
FRANCE,FRANCE,LYON,LYON,09,553
FRANCE,FRANCE,MARSEILLE,MARSEILLE,01,513
FRANCE,FRANCE,MARSEILLE,MARSEILLE,02,525
FRANCE,FRANCE,MARSEILLE,MARSEILLE,03,514
FRANCE,FRANCE,MARSEILLE,MARSEILLE,04,525
FRANCE,FRANCE,MARSEILLE,MARSEILLE,05,548
FRANCE,FRANCE,MARSEILLE,MARSEILLE,06,497
FRANCE,FRANCE,MARSEILLE,MARSEILLE,07,497
FRANCE,FRANCE,MONTPELLIER,MONTPELLIER,01,541
FRANCE,FRANCE,MONTPELLIER,MONTPELLIER,02,434
FRANCE,FRANCE,NICE,NICE,01,518
FRANCE,FRANCE,NICE,NICE,02,426
FRANCE,FRANCE,CREIL,CREIL,01,489
FRANCE,FRANCE,CREIL,CREIL,02,489
FRANCE,FRANCE,CREIL,CREIL,03,489
FRANCE,FRANCE,MANTES-LA-JOLIE,MANTES-LA-JOLIE,01,570
FRANCE,FRANCE,MANTES-LA-JOLIE,MANTES-LA-JOLIE,02,569
FRANCE,FRANCE,MANTES-LA-JOLIE,MANTES-LA-JOLIE,03,569
FRANCE,FRANCE,MANTES-LA-JOLIE,MANTES-LA-JOLIE,04,569
FRANCE,FRANCE,MANTES-LA-JOLIE,MANTES-LA-JOLIE,05,569
FRANCE,FRANCE,MANTES-LA-JOLIE,MANTES-LA-JOLIE,06,569
FRANCE,FRANCE,MANTES-LA-JOLIE,MANTES-LA-JOLIE,07,569
FRANCE,FRANCE,PARIS,MANTES-LA JOLIE,08,568
FRANCE,FRANCE,PARIS,MANTES-LA JOLIE,09,568
FRANCE,FRANCE,PARIS,MANTES-LA JOLIE,10,568
FRANCE,FRANCE,PARIS,MANTES-LA JOLIE,11,568
FRANCE,FRANCE,PARIS,MANTES-LA JOLIE,12,568
FRANCE,FRANCE,PARIS,MULHOUSE,01,525
FRANCE,FRANCE,PARIS,MULHOUSE,02,106
FRANCE,FRANCE,PARIS,NANTES,01,539
FRANCE,FRANCE,PARIS,NANTES,02,540
FRANCE,FRANCE,PARIS,NANTES,03,539
FRANCE,FRANCE,PARIS,ORLEANS,01,589
FRANCE,FRANCE,PARIS,ORLEANS,02,590
FRANCE,FRANCE,PARIS,ORLEANS,03,590
FRANCE,FRANCE,PARIS,PARIS,01,597
FRANCE,FRANCE,PARIS,PARIS,02,597
FRANCE,FRANCE,PARIS,PARIS,03,597
FRANCE,FRANCE,PARIS,PARIS,04,597
FRANCE,FRANCE,PARIS,PARIS,05,597
FRANCE,FRANCE,PARIS,PARIS,06,597
FRANCE,FRANCE,PARIS,PARIS,07,597
FRANCE,FRANCE,PARIS,PARIS,08,597
FRANCE,FRANCE,PARIS,PARIS,09,597
FRANCE,FRANCE,PARIS,PARIS,10,597
FRANCE,FRANCE,PARIS,PARIS,11,597
FRANCE,FRANCE,PARIS,PARIS,12,597
FRANCE,FRANCE,PARIS,PARIS,13,597
FRANCE,FRANCE,PARIS,PARIS,14,597
FRANCE,FRANCE,PARIS,PARIS,15,597
FRANCE,FRANCE,PARIS,PARIS,16,597
FRANCE,FRANCE,PARIS,PARIS,17,597
FRANCE,FRANCE,PARIS,PARIS,18,597
FRANCE,FRANCE,PARIS,PARIS,19,597
FRANCE,FRANCE,PARIS,PARIS,20,597
FRANCE,FRANCE,PARIS,PARIS,21,597
FRANCE,FRANCE,PARIS,PARIS,22,598
FRANCE,FRANCE,PARIS,PARIS,23,597
FRANCE,FRANCE,PARIS,PARIS,24,597
FRANCE,FRANCE,PARIS,PARIS,25,597
FRANCE,FRANCE,PARIS,PARIS,26,597
FRANCE,FRANCE,PARIS,PARIS,27,596
FRANCE,FRANCE,PARIS,PARIS,28,597
FRANCE,FRANCE,PARIS,PARIS,29,597
FRANCE,FRANCE,PARIS,PARIS,30,596
FRANCE,FRANCE,PARIS,PARIS,31,596
FRANCE,FRANCE,PARIS,PARIS,32,596
FRANCE,FRANCE,PARIS,PARIS,33,595
FRANCE,FRANCE,PARIS,PARIS,34,596
FRANCE,FRANCE,PARIS,PARIS,35,596
FRANCE,FRANCE,PARIS,PARIS,36,597
FRANCE,FRANCE,PARIS,PARIS,37,596
FRANCE,FRANCE,PARIS,PARIS,38,596
FRANCE,FRANCE,PARIS,PARIS,39,597
FRANCE,FRANCE,PARIS,PARIS,40,597
FRANCE,FRANCE,PARIS,PARIS,41,597
FRANCE,FRANCE,PARIS,PARIS,42,597
FRANCE,FRANCE,PARIS,PARIS,43,597
FRANCE,FRANCE,PARIS,PARIS,44,597
FRANCE,FRANCE,PARIS,PARIS,45,597
FRANCE,FRANCE,PARIS,PARIS,46,597
FRANCE,FRANCE,PARIS,PARIS,47,597
FRANCE,FRANCE,PARIS,PARIS,48,597
FRANCE,FRANCE,PARIS,PARIS,49,597
FRANCE,FRANCE,PARIS,PARIS,50,597
FRANCE,FRANCE,PARIS,PARIS,51,597
FRANCE,FRANCE,PARIS,PARIS,52,595
FRANCE,FRANCE,PARIS,PARIS,53,596
FRANCE,FRANCE,PARIS,PARIS,54,596
FRANCE,FRANCE,PARIS,PARIS,55,596
FRANCE,FRANCE,PARIS,PARIS,56,596
FRANCE,FRANCE,PARIS,PARIS,57,596
FRANCE,FRANCE,PARIS,PARIS,58,596
FRANCE,FRANCE,PARIS,PARIS,59,596
FRANCE,FRANCE,PARIS,PARIS,60,596
FRANCE,FRANCE,PARIS,PARIS,61,596
FRANCE,FRANCE,PARIS,PARIS,62,596
FRANCE,FRANCE,PARIS,PARIS,63,596
FRANCE,FRANCE,PARIS,PARIS,64,596
FRANCE,FRANCE,PARIS,PARIS,65,596
FRANCE,FRANCE,PARIS,PARIS,66,596
FRANCE,FRANCE,PARIS,PARIS,67,596
FRANCE,FRANCE,STRASBOURG,STRASBOURG,01,576
FRANCE,FRANCE,STRASBOURG,STRASBOURG,02,576
FRANCE,FRANCE,STRASBOURG,STRASBOURG,03,575
FRANCE,FRANCE,TOULON,TOULON,01,313
FRANCE,FRANCE,TOULOUSE,TOULOUSE,01,532
FRANCE,FRANCE,TOULOUSE,TOULOUSE,02,368
GABON,GABON,BITAM,BITAM,01,106
GABON,GABON,BITAM,FRANCEVILLE,01,401
GABON,GABON,BITAM,GAMBA,01,148
GABON,GABON,BITAM,KOULAMOUTOU,01,30
GABON,GABON,BITAM,LAMBARENE,01,248
GABON,GABON,BITAM,LASTOURVILLE,01,82
GABON,GABON,BITAM,LIBREVILLE,01,546
GABON,GABON,BITAM,LIBREVILLE,02,547
GABON,GABON,BITAM,LIBREVILLE,03,547
GABON,GABON,BITAM,LIBREVILLE,04,547
GABON,GABON,BITAM,LIBREVILLE,05,547
GABON,GABON,BITAM,LIBREVILLE,06,547
GABON,GABON,BITAM,LIBREVILLE,07,547
GABON,GABON,BITAM,LIBREVILLE,08,546
GABON,GABON,BITAM,LIBREVILLE,09,546
GABON,GABON,BITAM,LIBREVILLE,10,546
GABON,GABON,BITAM,LIBREVILLE,11,546
GABON,GABON,BITAM,LIBREVILLE,12,546
GABON,GABON,BITAM,LIBREVILLE,13,546
GABON,GABON,BITAM,LIBREVILLE,14,546
GABON,GABON,BITAM,LIBREVILLE,15,546
GABON,GABON,BITAM,LIBREVILLE,16,546
GABON,GABON,BITAM,LIBREVILLE,17,546
GABON,GABON,LIBREVILLE,LIBREVILLE,18,546
GABON,GABON,LIBREVILLE,LIBREVILLE,19,546
GABON,GABON,LIBREVILLE,LIBREVILLE,20,548
GABON,GABON,LIBREVILLE,LIBREVILLE,21,546
GABON,GABON,LIBREVILLE,MAKOKOU,01,186
GABON,GABON,LIBREVILLE,MITZIC,01,62
GABON,GABON,LIBREVILLE,MOANDA,01,175
GABON,GABON,LIBREVILLE,MOUILA,01,159
GABON,GABON,LIBREVILLE,NDJOLE,01,73
GABON,GABON,LIBREVILLE,NTOUM,01,167
GABON,GABON,LIBREVILLE,OYEM,01,194
GABON,GABON,LIBREVILLE,PORT GENTIL,01,482
GABON,GABON,LIBREVILLE,PORT GENTIL,02,481
GABON,GABON,LIBREVILLE,PORT GENTIL,03,482
GABON,GABON,LIBREVILLE,PORT GENTIL,04,482
GABON,GABON,LIBREVILLE,PORT GENTIL,05,481
GABON,GABON,LIBREVILLE,TCHIBANGA,01,83
GABON,GUINEE EQUATORIALE,BATA,BATA,01,352
GABON,GUINEE EQUATORIALE,BATA,BATA,02,348
GABON,GUINEE EQUATORIALE,BATA,MALABO,01,489
GABON,GUINEE EQUATORIALE,BATA,MALABO,02,232
GABON,GUINEE EQUATORIALE,BATA,MONGOMO,01,214
GAMBIE,GAMBIE,BAKAU,BAKAU,01,576
GAMBIE,GAMBIE,BAKAU,ECOLE PRIM SENEGALAIS KANIFING,01,554
GAMBIE,GAMBIE,BAKAU,ECOLE PRIM. SENEGAL TOBACCO ROAD,01,540
GAMBIE,GAMBIE,BAKAU,ECOLE PRIM. SENEGAL TOBACCO ROAD,02,553
GAMBIE,GAMBIE,BAKAU,ECOLE PRIM. SENEGAL TOBACCO ROAD,03,551
GAMBIE,GAMBIE,BAKAU,ECOLE PRIM. SENEGAL TOBACCO ROAD,04,182
GAMBIE,GAMBIE,BAKAU,LYCEE SENEGALAIS KANIFING,01,443
GAMBIE,GAMBIE,BAKAU,LYCEE SENEGALAIS KANIFING,02,446
GAMBIE,GAMBIE,BAKAU,BANSANG,01,276
GAMBIE,GAMBIE,BAKAU,KAUR,01,85
GAMBIE,GAMBIE,BAKAU,KUNTAUR,01,43
GAMBIE,GAMBIE,BAKAU,VELINGARABA,01,102
GAMBIE,GAMBIE,BAKAU,SOMA,01,242
GAMBIE,GAMBIE,BAKAU,BARRA,01,431
GAMBIE,GAMBIE,BAKAU,FARAFENI,01,378
GAMBIE,GAMBIE,BAKAU,FARAFENI,02,377
GAMBIE,GAMBIE,BAKAU,SEREKUNDA,01,556
GAMBIE,GAMBIE,BAKAU,SEREKUNDA,02,556
GAMBIE,GAMBIE,BAKAU,SEREKUNDA,03,556
GAMBIE,GAMBIE,BAKAU,SEREKUNDA,04,556
GAMBIE,GAMBIE,BAKAU,SEREKUNDA,05,556
GAMBIE,GAMBIE,BAKAU,SEREKUNDA,06,555
GAMBIE,GAMBIE,BAKAU,SEREKUNDA,07,555
GAMBIE,GAMBIE,SEREKUNDA,SEREKUNDA,08,555
GAMBIE,GAMBIE,SEREKUNDA,SEREKUNDA,09,556
GAMBIE,GAMBIE,SEREKUNDA,SEREKUNDA,10,556
GAMBIE,GAMBIE,SEREKUNDA,BASSET,01,373
GAMBIE,GAMBIE,SEREKUNDA,BASSET,02,372
GAMBIE,GAMBIE,SEREKUNDA,BRIKAMA,01,542
GAMBIE,GAMBIE,SEREKUNDA,BRIKAMA,02,546
GAMBIE,GAMBIE,SEREKUNDA,BRIKAMA,03,194
GAMBIE,GAMBIE,SEREKUNDA,BRUFUT,01,544
GAMBIE,GAMBIE,SEREKUNDA,GUNJUR,01,318
GAMBIE,GAMBIE,SEREKUNDA,GUNJUR,02,319
GAMBIE,GAMBIE,SEREKUNDA,LAMIN,01,308
GHANA,GHANA,ACCRA,ACCRA,01,232
GRANDE BRETAGNE,ANGLETERRE,BIRMINGHAM,BIRMINGHAM,01,260
GRANDE BRETAGNE,ANGLETERRE,BIRMINGHAM,LONDRES,01,511
GRANDE BRETAGNE,ANGLETERRE,BIRMINGHAM,LONDRES,02,512
GRANDE BRETAGNE,ANGLETERRE,BIRMINGHAM,LONDRES,03,248
GRANDE BRETAGNE,ANGLETERRE,BIRMINGHAM,MANCHESTER,01,356
GUINEE,GUINEE,BANAKORO,BANAKORO,01,31
GUINEE,GUINEE,BANAKORO,CONAKRY,01,530
GUINEE,GUINEE,BANAKORO,CONAKRY,02,545
GUINEE,GUINEE,BANAKORO,CONAKRY,03,540
GUINEE,GUINEE,BANAKORO,CONAKRY,04,546
GUINEE,GUINEE,BANAKORO,CONAKRY,05,377
GUINEE,GUINEE,BANAKORO,FRIA,01,37
GUINEE,GUINEE,BANAKORO,KAMSAR,01,112
GUINEE,GUINEE,BANAKORO,KANKAN,01,29
GUINEE,GUINEE,BANAKORO,KINDIA,01,19
GUINEE,GUINEE,BANAKORO,LABE,01,150
GUINEE,GUINEE,BANAKORO,TIMBI MADINA,01,74
GUINEE,SIERRA LEONE,FREETOWN,FREETOWN,01,64
GUINEE,SIERRA LEONE,FREETOWN,KONO,01,14
GUINEE BISSAU,GUINEE BISSAU,BAFATA,BAFATA,01,107
GUINEE BISSAU,GUINEE BISSAU,BAFATA,BAIRO MILITARY,01,392
GUINEE BISSAU,GUINEE BISSAU,BAFATA,BANDIM,01,577
GUINEE BISSAU,GUINEE BISSAU,BAFATA,BANDIM,02,576
GUINEE BISSAU,GUINEE BISSAU,BAFATA,CHANCELLERIE,01,534
GUINEE BISSAU,GUINEE BISSAU,BAFATA,CHANCELLERIE,02,536
GUINEE BISSAU,GUINEE BISSAU,BAFATA,CHANCELLERIE,03,144
GUINEE BISSAU,GUINEE BISSAU,BAFATA,CUNTUM,01,242
GUINEE BISSAU,GUINEE BISSAU,BAFATA,BISSORA,01,83
GUINEE BISSAU,GUINEE BISSAU,BAFATA,BUBA,01,23
GUINEE BISSAU,GUINEE BISSAU,BAFATA,BUBAQUE,01,8
GUINEE BISSAU,GUINEE BISSAU,BAFATA,CANCHUNGO,01,311
GUINEE BISSAU,GUINEE BISSAU,BAFATA,FARIM,01,87
GUINEE BISSAU,GUINEE BISSAU,BAFATA,GABU,01,134
GUINEE BISSAU,GUINEE BISSAU,BAFATA,INGORE,01,210
GUINEE BISSAU,GUINEE BISSAU,BAFATA,SAM DOMINGO,01,183
ITALIE,ITALIE,AGRIGENTO,AGRIGENTO,01,407
ITALIE,ITALIE,AGRIGENTO,ANCONA,01,160
ITALIE,ITALIE,AGRIGENTO,AREZZO,01,5
ITALIE,ITALIE,AGRIGENTO,ASTI,01,302
ITALIE,ITALIE,AGRIGENTO,BARI,01,363
ITALIE,ITALIE,AGRIGENTO,BARI,02,363
ITALIE,ITALIE,AGRIGENTO,BASSANO DEL GRAPA,01,358
ITALIE,ITALIE,AGRIGENTO,BERGAMO,01,571
ITALIE,ITALIE,AGRIGENTO,BERGAMO,02,570
ITALIE,ITALIE,AGRIGENTO,BERGAMO,03,570
ITALIE,ITALIE,AGRIGENTO,BERGAMO,04,571
ITALIE,ITALIE,AGRIGENTO,BERGAMO,05,572
ITALIE,ITALIE,AGRIGENTO,BERGAMO,06,572
ITALIE,ITALIE,AGRIGENTO,BERGAMO,07,573
ITALIE,ITALIE,AGRIGENTO,BOLOGNA,01,592
ITALIE,ITALIE,AGRIGENTO,BOLOGNA,02,16
ITALIE,ITALIE,AGRIGENTO,BOLZANO,01,372
ITALIE,ITALIE,AGRIGENTO,BRESCIA,01,557
ITALIE,ITALIE,AGRIGENTO,BRESCIA,02,558
ITALIE,ITALIE,AGRIGENTO,BRESCIA,03,549
ITALIE,ITALIE,AGRIGENTO,BRESCIA,04,559
ITALIE,ITALIE,AGRIGENTO,BRESCIA,05,564
ITALIE,ITALIE,AGRIGENTO,BRESCIA,06,561
ITALIE,ITALIE,BRESCIA,BRESCIA,07,310
ITALIE,ITALIE,BRESCIA,CAGLIARI,01,436
ITALIE,ITALIE,BRESCIA,CAGLIARI,02,439
ITALIE,ITALIE,BRESCIA,CASERTA,01,473
ITALIE,ITALIE,BRESCIA,CATANIA,01,419
ITALIE,ITALIE,BRESCIA,CATANIA,02,419
ITALIE,ITALIE,BRESCIA,COMO,01,563
ITALIE,ITALIE,BRESCIA,COSENZA,01,48
ITALIE,ITALIE,BRESCIA,CUNEO,01,548
ITALIE,ITALIE,BRESCIA,FAENZA,01,465
ITALIE,ITALIE,BRESCIA,FAENZA,02,465
ITALIE,ITALIE,BRESCIA,FANO,01,280
ITALIE,ITALIE,BRESCIA,FIRENZE,01,521
ITALIE,ITALIE,BRESCIA,FIRENZE,02,172
ITALIE,ITALIE,BRESCIA,FLORENCE,01,351
ITALIE,ITALIE,BRESCIA,FLORENCE,02,350
ITALIE,ITALIE,BRESCIA,FOGGIA,01,224
ITALIE,ITALIE,BRESCIA,GENES,01,477
ITALIE,ITALIE,BRESCIA,GENES,02,477
ITALIE,ITALIE,BRESCIA,GENES,03,476
ITALIE,ITALIE,BRESCIA,ISCHIO,01,260
ITALIE,ITALIE,BRESCIA,LADISPOLI,01,36
ITALIE,ITALIE,BRESCIA,LA SPEZIA,01,123
ITALIE,ITALIE,BRESCIA,LECCE,01,536
ITALIE,ITALIE,BRESCIA,LECCE,02,85
ITALIE,ITALIE,BRESCIA,LECCO,01,532
ITALIE,ITALIE,BRESCIA,LECCO,02,532
ITALIE,ITALIE,BRESCIA,LAMEZIA TERME,01,265
ITALIE,ITALIE,LIVORNE,LIVORNE,01,418
ITALIE,ITALIE,LIVORNE,LIVORNE,02,419
ITALIE,ITALIE,LIVORNE,MACERATA,01,534
ITALIE,ITALIE,LIVORNE,MANTOVA,01,361
ITALIE,ITALIE,LIVORNE,MASSA CARRARA,01,109
ITALIE,ITALIE,LIVORNE,MILAN,01,559
ITALIE,ITALIE,LIVORNE,MILAN,02,566
ITALIE,ITALIE,LIVORNE,MILAN,03,559
ITALIE,ITALIE,LIVORNE,MILAN,04,559
ITALIE,ITALIE,LIVORNE,MILAN,05,560
ITALIE,ITALIE,LIVORNE,MILAN,06,559
ITALIE,ITALIE,LIVORNE,MILAN,07,561
ITALIE,ITALIE,LIVORNE,MILAN,08,561
ITALIE,ITALIE,LIVORNE,MILAN,09,558
ITALIE,ITALIE,LIVORNE,MILAN,10,559
ITALIE,ITALIE,LIVORNE,MILAN,11,557
ITALIE,ITALIE,LIVORNE,MILAN,12,566
ITALIE,ITALIE,LIVORNE,MODENA,01,205
ITALIE,ITALIE,LIVORNE,MONZA,01,422
ITALIE,ITALIE,LIVORNE,NAPLES,01,560
ITALIE,ITALIE,LIVORNE,NAPLES,02,554
ITALIE,ITALIE,LIVORNE,NAPLES,03,556
ITALIE,ITALIE,LIVORNE,NAPLES,04,90
ITALIE,ITALIE,LIVORNE,NOVARA (BIERA VERCELLI),01,561
ITALIE,ITALIE,LIVORNE,NOVARA (BIERA VERCELLI),02,563
ITALIE,ITALIE,LIVORNE,OLBIA,01,326
ITALIE,ITALIE,LIVORNE,PADOVA,01,515
ITALIE,ITALIE,LIVORNE,PADOVA,02,113
ITALIE,ITALIE,PALERME,PALEME,01,235
ITALIE,ITALIE,PALERME,PARMA,01,520
ITALIE,ITALIE,PALERME,PARMA,02,520
ITALIE,ITALIE,PALERME,PESCARA,01,470
ITALIE,ITALIE,PALERME,PESCARA,02,471
ITALIE,ITALIE,PALERME,PIACENZA,01,559
ITALIE,ITALIE,PALERME,PIACENZA,02,76
ITALIE,ITALIE,PALERME,PIOMBINO,01,183
ITALIE,ITALIE,PALERME,PISE,01,497
ITALIE,ITALIE,PALERME,PISE,02,496
ITALIE,ITALIE,PALERME,PISE,03,497
ITALIE,ITALIE,PALERME,PISE,04,497
ITALIE,ITALIE,PALERME,POGGIBONSI,01,70
ITALIE,ITALIE,PALERME,PONTEDERA,01,120
ITALIE,ITALIE,PALERME,PRATO,01,45
ITALIE,ITALIE,PALERME,RAVENNE,01,580
ITALIE,ITALIE,PALERME,REGGIO CALABRIA,01,91
ITALIE,ITALIE,PALERME,REGGIO EMILIA,01,548
ITALIE,ITALIE,PALERME,RIMINI,01,539
ITALIE,ITALIE,PALERME,RIMINI,02,546
ITALIE,ITALIE,PALERME,RIMINI,03,188
ITALIE,ITALIE,PALERME,ROME,01,524
ITALIE,ITALIE,PALERME,ROME,02,524
ITALIE,ITALIE,PALERME,ROME,03,522
ITALIE,ITALIE,PALERME,ROME,04,522
ITALIE,ITALIE,PALERME,ROME,05,515
ITALIE,ITALIE,PALERME,ROME,06,208
ITALIE,ITALIE,PALERME,SALERNO,01,338
ITALIE,ITALIE,SAN BENEDETTO DEL TRONTO,SAN BENEDETTO DEL TRONTO,01,169
ITALIE,ITALIE,SAN BENEDETTO DEL TRONTO,SANTA CROCE SULL'ARNO,01,295
ITALIE,ITALIE,SAN BENEDETTO DEL TRONTO,SASSARI,01,519
ITALIE,ITALIE,SAN BENEDETTO DEL TRONTO,SEREGNO,01,175
ITALIE,ITALIE,SAN BENEDETTO DEL TRONTO,SIENA,01,345
ITALIE,ITALIE,SAN BENEDETTO DEL TRONTO,TORINO VILLE,01,549
ITALIE,ITALIE,SAN BENEDETTO DEL TRONTO,TORINO VILLE,02,551
ITALIE,ITALIE,SAN BENEDETTO DEL TRONTO,TORINO VILLE,03,218
ITALIE,ITALIE,SAN BENEDETTO DEL TRONTO,TRENTO,01,235
ITALIE,ITALIE,SAN BENEDETTO DEL TRONTO,TREVISO,01,558
ITALIE,ITALIE,SAN BENEDETTO DEL TRONTO,TREVISO,02,564
ITALIE,ITALIE,SAN BENEDETTO DEL TRONTO,TREVISO,03,192
ITALIE,ITALIE,SAN BENEDETTO DEL TRONTO,TRIESTE,01,385
ITALIE,ITALIE,SAN BENEDETTO DEL TRONTO,UDINE,01,206
ITALIE,ITALIE,SAN BENEDETTO DEL TRONTO,VENEZIA MESTRE,01,527
ITALIE,ITALIE,SAN BENEDETTO DEL TRONTO,VERONA,01,410
ITALIE,ITALIE,SAN BENEDETTO DEL TRONTO,VERONA,02,409
ITALIE,ITALIE,SAN BENEDETTO DEL TRONTO,VICENZA,01,395
ITALIE,ITALIE,SAN BENEDETTO DEL TRONTO,VICENZA,02,396
ITALIE,ITALIE,SAN BENEDETTO DEL TRONTO,VITERBO,01,21
KOWEIT,KOWEIT,KOWEIT CITY,KOWEIT CITY,01,69
MALI,MALI,BAMAKO,BAMAKO,01,551
MALI,MALI,BAMAKO,BAMAKO,02,551
MALI,MALI,BAMAKO,BAMAKO,03,553
MALI,MALI,BAMAKO,BAMAKO,04,551
MALI,MALI,BAMAKO,BAMAKO,05,551
MALI,MALI,BAMAKO,BAMAKO,06,550
MALI,MALI,BAMAKO,BAMAKO,07,553
MALI,MALI,BAMAKO,BAMAKO,08,552
MALI,MALI,BAMAKO,BAMAKO,09,551
MALI,MALI,BAMAKO,BAMAKO,10,552
MALI,MALI,BAMAKO,BAMAKO,11,551
MALI,MALI,BAMAKO,BAMAKO,12,552
MALI,MALI,BAMAKO,BAMAKO,13,552
MALI,MALI,BAMAKO,BAMAKO,14,551
MALI,MALI,KAYES,KAYES,01,491
MALI,MALI,KAYES,KAYES,02,490
MALI,MALI,SAME OULOLOF,SAME OULOLOF,01,7
MALI,MALI,KONIAKARY,KONIAKARY,01,322
MALI,MALI,KOUTIALA,KOUTIALA,01,27
MALI,MALI,SEGOU,SEGOU,01,106
MALI,MALI,SIKASSO,SIKASSO,01,20
MAROC,MAROC,AGADIR,AGADIR,01,335
MAROC,MAROC,AGADIR,AGADIR,02,336
MAROC,MAROC,AGADIR,CASABLANCA,01,555
MAROC,MAROC,AGADIR,CASABLANCA,02,555
MAROC,MAROC,AGADIR,CASABLANCA,03,551
MAROC,MAROC,AGADIR,CASABLANCA,04,550
MAROC,MAROC,AGADIR,CASABLANCA,05,550
MAROC,MAROC,AGADIR,CASABLANCA,06,554
MAROC,MAROC,AGADIR,CASABLANCA,07,557
MAROC,MAROC,AGADIR,CASABLANCA,08,556
MAROC,MAROC,AGADIR,CASABLANCA,09,551
MAROC,MAROC,AGADIR,CASABLANCA,10,550
MAROC,MAROC,AGADIR,CASABLANCA,11,553
MAROC,MAROC,AGADIR,CASABLANCA,12,561
MAROC,MAROC,AGADIR,CASABLANCA,13,561
MAROC,MAROC,AGADIR,DAKHLA,01,449
MAROC,MAROC,AGADIR,FES,01,570
MAROC,MAROC,AGADIR,FES,02,44
MAROC,MAROC,AGADIR,LAYOUNE,01,156
MAROC,MAROC,AGADIR,MARRAKECH,01,446
MAROC,MAROC,AGADIR,MARRAKECH,02,452
MAROC,MAROC,AGADIR,RABAT,01,466
MAROC,MAROC,AGADIR,RABAT,02,454
MAROC,MAROC,RABAT,RABAT,03,375
MAROC,MAROC,RABAT,TANGER,01,316
MAURITANIE,MAURITANIE,NOUADIBOU,NOUADIBOU,01,564
MAURITANIE,MAURITANIE,NOUADIBOU,NOUADIBOU,02,563
MAURITANIE,MAURITANIE,NOUADIBOU,NOUADIBOU,03,565
MAURITANIE,MAURITANIE,NOUADIBOU,NOUADIBOU,04,563
MAURITANIE,MAURITANIE,NOUADIBOU,NOUADIBOU,05,567
MAURITANIE,MAURITANIE,NOUADIBOU,NOUADIBOU,06,566
MAURITANIE,MAURITANIE,NOUAKCHOTT,NOUAKCHOTT,01,544
MAURITANIE,MAURITANIE,NOUAKCHOTT,NOUAKCHOTT,02,544
MAURITANIE,MAURITANIE,NOUAKCHOTT,NOUAKCHOTT,03,544
MAURITANIE,MAURITANIE,NOUAKCHOTT,NOUAKCHOTT,04,544
MAURITANIE,MAURITANIE,NOUAKCHOTT,NOUAKCHOTT,05,544
MAURITANIE,MAURITANIE,NOUAKCHOTT,NOUAKCHOTT,06,544
MAURITANIE,MAURITANIE,NOUAKCHOTT,NOUAKCHOTT,07,544
MAURITANIE,MAURITANIE,NOUAKCHOTT,NOUAKCHOTT,08,544
MAURITANIE,MAURITANIE,NOUAKCHOTT,NOUAKCHOTT,09,544
MAURITANIE,MAURITANIE,NOUAKCHOTT,NOUAKCHOTT,10,544
MAURITANIE,MAURITANIE,NOUAKCHOTT,NOUAKCHOTT,11,544
MAURITANIE,MAURITANIE,NOUAKCHOTT,NOUAKCHOTT,12,544
MAURITANIE,MAURITANIE,NOUAKCHOTT,NOUAKCHOTT,13,543
MAURITANIE,MAURITANIE,NOUAKCHOTT,NOUAKCHOTT,14,544
MAURITANIE,MAURITANIE,NOUAKCHOTT,NOUAKCHOTT,15,544
MAURITANIE,MAURITANIE,NOUAKCHOTT,NOUAKCHOTT,16,544
MAURITANIE,MAURITANIE,NOUAKCHOTT,NOUAKCHOTT,17,544
MAURITANIE,MAURITANIE,NOUAKCHOTT,NOUAKCHOTT,18,545
MAURITANIE,MAURITANIE,NOUAKCHOTT,NOUAKCHOTT,19,545
MAURITANIE,MAURITANIE,NOUAKCHOTT,NOUAKCHOTT,20,545
MAURITANIE,MAURITANIE,NOUAKCHOTT,NOUAKCHOTT,21,544
MAURITANIE,MAURITANIE,NOUAKCHOTT,NOUAKCHOTT,22,544
MAURITANIE,MAURITANIE,NOUAKCHOTT,NOUAKCHOTT,23,544
MAURITANIE,MAURITANIE,NOUAKCHOTT,NOUAKCHOTT,24,544
MAURITANIE,MAURITANIE,NOUAKCHOTT,NOUAKCHOTT,25,543
MAURITANIE,MAURITANIE,NOUAKCHOTT,NOUAKCHOTT,26,544
MAURITANIE,MAURITANIE,NOUAKCHOTT,NOUAKCHOTT,27,544
MAURITANIE,MAURITANIE,NOUAKCHOTT,NOUAKCHOTT,28,544
MAURITANIE,MAURITANIE,NOUAKCHOTT,NOUAKCHOTT,29,544
MAURITANIE,MAURITANIE,NOUAKCHOTT,NOUAKCHOTT,30,544
MAURITANIE,MAURITANIE,NOUAKCHOTT,NOUAKCHOTT,31,544
MAURITANIE,MAURITANIE,NOUAKCHOTT,NOUAKCHOTT,32,544
MAURITANIE,MAURITANIE,NOUAKCHOTT,NOUAKCHOTT,33,544
MAURITANIE,MAURITANIE,NOUAKCHOTT,NOUAKCHOTT,34,544
MAURITANIE,MAURITANIE,NOUAKCHOTT,NOUAKCHOTT,35,544
MAURITANIE,MAURITANIE,NOUAKCHOTT,NOUAKCHOTT,36,544
MAURITANIE,MAURITANIE,NOUAKCHOTT,NOUAKCHOTT,37,551
MAURITANIE,MAURITANIE,NOUAKCHOTT,NOUAKCHOTT,38,546
MAURITANIE,MAURITANIE,NOUAKCHOTT,NOUAKCHOTT,39,543
MAURITANIE,MAURITANIE,NOUAKCHOTT,NOUAKCHOTT,40,544
MAURITANIE,MAURITANIE,NOUAKCHOTT,NOUAKCHOTT,41,544
MAURITANIE,MAURITANIE,NOUAKCHOTT,NOUAKCHOTT,42,555
MAURITANIE,MAURITANIE,ROSSO MAURITANIE,ROSSO MAURITANIE,01,334
TOGO,TOGO,TOGO,LOME,01,355
TOGO,TOGO,TOGO,LOME,02,354
NIGERIA,NIGERIA,ABUJA,ABUJA,01,334
NIGERIA,NIGERIA,ABUJA,IBADAN,01,78
NIGERIA,NIGERIA,ABUJA,KANO,01,27
NIGERIA,NIGERIA,ABUJA,LAGOS,01,151
PAYS - BAS,DANEMARK,COPENHAGUE,COPENHAGUE,01,21
PAYS - BAS,FINLANDE,HELSINKI,HELSINKI,01,65
PAYS - BAS,NORVEGE,OSLO,OSLO,01,45
PAYS - BAS,PAYS BAS,AMSTERDAM,AMSTERDAM,01,503
PAYS - BAS,SUEDE,STOCKHOLM,STOCKHOLM,01,180
PORTUGAL,PORTUGAL,LISBONNE,LISBONNE,01,539
PORTUGAL,PORTUGAL,LISBONNE,LISBONNE,02,539
PORTUGAL,PORTUGAL,LISBONNE,PORTIMAO,01,124
PORTUGAL,PORTUGAL,LISBONNE,PORTO,01,125
REPUBL. DEMOCRATIQ,ANGOLA,LUANDA,LUANDA,01,543
REPUBL. DEMOCRATIQ,REP. DEM. CONGO,KINSHASA,KINSHASA,01,375
REPUBL. DEMOCRATIQ,REP. DEM. CONGO,KINSHASA,LUBUMBASHI,01,42
REPUBL. DEMOCRATIQ,ZAMBIE,KITWE,KITWE,01,302
REPUBL. DEMOCRATIQ,ZAMBIE,KITWE,LUSAKA,01,87
SUISSE,SUISSE,BALE,BALE,01,70
SUISSE,SUISSE,BALE,GENEVE,01,531
SUISSE,SUISSE,BALE,GENEVE,02,70
SUISSE,SUISSE,BALE,LAUSANNE,01,134
SUISSE,SUISSE,BALE,NEUCHATEL,01,147
SUISSE,SUISSE,BALE,ZURICH,01,79
TOGO,BENIN,COTONOU,COTONOU,01,507
TOGO,BENIN,COTONOU,COTONOU,02,508
TOGO,TOGO,LOME,LOME,01,355
TOGO,TOGO,LOME,LOME,02,354
TUNISIE,TUNISIE,TUNIS,AMBASSADE SENEGAL TUNIS,01,421
TURQUIE,TURQUIE,ANKARA,ANKARA,01,252
TURQUIE,TURQUIE,ANKARA,ISTANBUL,01,538
TURQUIE,TURQUIE,ANKARA,ISTANBUL,02,537
TURQUIE,TURQUIE,ANKARA,ISTANBUL,03,537
